<ISU_UTILMD><IDOC BEGIN="1"><EDI_DC40 SEGMENT="1"><TABNAM>EDI_DC40</TABNAM><MANDT>101</MANDT><DOCNUM>0000000140691911</DOCNUM><DOCREL>701</DOCREL><STATUS>30</STATUS><DIRECT>1</DIRECT><OUTMOD>2</OUTMOD><IDOCTYP>/RHS/DX_UTILMD_HU_V30</IDOCTYP><CIMTYP /><MESTYP>ZISU_UTILMD_V30</MESTYP><SNDPOR>SAPNP2</SNDPOR><SNDPRT>SP</SNDPRT><SNDPRN>SP00002006</SNDPRN><RCVPOR>A000009026</RCVPOR><RCVPRT>SP</RCVPRT><RCVPRN>SP00001220</RCVPRN><CREDAT>20240717</CREDAT><CRETIM>123251</CRETIM><SERIAL>20240717123251</SERIAL></EDI_DC40><E1VDEWUNH SEGMENT="1"><REFERENCENUMBER>000405978648</REFERENCENUMBER><IDENTIFIER>UTILMD</IDENTIFIER><VERSIONNUMBER>3.0</VERSIONNUMBER><RELEASENUMBER>0</RELEASENUMBER><CONTROLAGENCY>HU</CONTROLAGENCY><ASSOCCODE>1</ASSOCCODE><ACCESSREF>3/3</ACCESSREF></E1VDEWUNH><E1VDEWBGM_1 SEGMENT="1"><NAME>E01</NAME><CODELISTAGENCY>260</CODELISTAGENCY><DOCUMENTNUMBER>67469766969C2C2EE10000000AE57BDB</DOCUMENTNUMBER><DOCUMENTFUNC>9</DOCUMENTFUNC></E1VDEWBGM_1><E1VDEWDTM SEGMENT="1"><DATUMQUALIFIER>137</DATUMQUALIFIER><DATUM>202407171232</DATUM><FORMAT>203</FORMAT></E1VDEWDTM><E1VDEWNAD_1 SEGMENT="1"><ACTION>MS</ACTION><PARTNER>15W-NKME-ESZ---L</PARTNER><CODELISTAGENCY>293</CODELISTAGENCY><NAMEADDRESS1>MVM Next Energiakereskedelmi Zrt.</NAMEADDRESS1><PARTNERFORMAT>1</PARTNERFORMAT></E1VDEWNAD_1><E1VDEWNAD_1 SEGMENT="1"><ACTION>MR</ACTION><PARTNER>EHE000220</PARTNER><CODELISTAGENCY>293</CODELISTAGENCY><NAMEADDRESS1>MVM &#201;m&#225;sz &#193;ramh&#225;l&#243;zati Kft.</NAMEADDRESS1><PARTNERFORMAT>1</PARTNERFORMAT></E1VDEWNAD_1><E1VDEWIDE_2 SEGMENT="1"><OBJECT_TYPE>24</OBJECT_TYPE><E1VDEWLOC_3 SEGMENT="1"><PLACE_QUALIFIER>172</PLACE_QUALIFIER><CODE_LIST_RESPONSIBLE_AGENCY_1>89</CODE_LIST_RESPONSIBLE_AGENCY_1><PLACE>HU000220F111S00000000000016305913</PLACE></E1VDEWLOC_3><E1VDEWDTM_3 SEGMENT="1"><DATUMQUALIFIER>92</DATUMQUALIFIER><DATUM>20240717</DATUM><FORMAT>102</FORMAT></E1VDEWDTM_3><E1VDEWDTM_3 SEGMENT="1"><DATUMQUALIFIER>93</DATUMQUALIFIER><DATUM>99991231</DATUM><FORMAT>102</FORMAT></E1VDEWDTM_3><E1VDEWSTS_2 SEGMENT="1"><CATEGORY>7</CATEGORY><REASON_1_DESCRIPTION_CODE>E02</REASON_1_DESCRIPTION_CODE></E1VDEWSTS_2><E1VDEWAGR SEGMENT="1"><AGREE_TYPE_AGENCY>260</AGREE_TYPE_AGENCY><AGREE_TYPE>L</AGREE_TYPE><CONTRACT_LEGALTITLE>V1</CONTRACT_LEGALTITLE></E1VDEWAGR><E1VDEWCCI_3 SEGMENT="1"><PROPERTY_CLASS>E03</PROPERTY_CLASS><CHARACTERISTIC_ID>E01</CHARACTERISTIC_ID><E1VDEWCAV_3 SEGMENT="1"><CHARACTERISTIC_VALUE_1>HTARIF</CHARACTERISTIC_VALUE_1></E1VDEWCAV_3></E1VDEWCCI_3><E1VDEWSEQ_2 SEGMENT="1"><ACTION_REQUEST>SM</ACTION_REQUEST><E1VDEWPIA_2 SEGMENT="1"><PRODUCT_ID>007</PRODUCT_ID><ITEM_NUMBER_TYPE_1>SM</ITEM_NUMBER_TYPE_1></E1VDEWPIA_2><E1VDEWQTY SEGMENT="1"><QUANTITY_QUALIFIER>31</QUANTITY_QUALIFIER><QUANTITY>1.2000</QUANTITY><MEASURE_UNIT_QUALIFIER>***</MEASURE_UNIT_QUALIFIER></E1VDEWQTY></E1VDEWSEQ_2><E1VDEWNAD_4 SEGMENT="1"><ACTION>DDK</ACTION><PARTNER>15X-DENERGIA---J</PARTNER><NAMEADDRESS1>MVM Next Energiakereskedelmi Zrt.</NAMEADDRESS1></E1VDEWNAD_4><E1VDEWNAD_4 SEGMENT="1"><ACTION>NUB</ACTION><PARTNER>15W-NKME-ESZ---L</PARTNER><NAMEADDRESS1>MVM Next Energiakereskedelmi Zrt.</NAMEADDRESS1></E1VDEWNAD_4><E1VDEWNAD_4 SEGMENT="1"><ACTION>KD</ACTION><PARTNER>01</PARTNER><CODELIST>T</CODELIST><NAMEADDRESS1>Gerg&#337;</NAMEADDRESS1><NAMEADDRESS3>Mogyor&#243;si</NAMEADDRESS3><STREET1>J&#243;zsef Attila &#250;t</STREET1><STREET2>13</STREET2><CITY>Berente</CITY><ZIPCODE>3704</ZIPCODE><COUNTRY>HU</COUNTRY><E1VDEWNAD_4A SEGMENT="1"><BIRTHNAME>Mogyor&#243;si Gerg&#337;</BIRTHNAME><MOTHERNAME>Mogyor&#243;si Anik&#243;</MOTHERNAME><BIRTHDATE>19891220</BIRTHDATE><BIRTHPLACE>Kemecse</BIRTHPLACE></E1VDEWNAD_4A><E1VDEWCTA_2 SEGMENT="1"><CONTACTFUNC>IC</CONTACTFUNC><E1VDEWCOM_2 SEGMENT="1"><COMMQUALF>AL</COMMQUALF><COMMNUMBER>+36305217496</COMMNUMBER></E1VDEWCOM_2></E1VDEWCTA_2></E1VDEWNAD_4><E1VDEWNAD_4 SEGMENT="1"><ACTION>DP</ACTION><STREET1>R&#225;ad&#225;s &#250;t</STREET1><STREET2>17</STREET2><CITY>Nagyk&#225;ta</CITY><ZIPCODE>2760</ZIPCODE><COUNTRY>HU</COUNTRY></E1VDEWNAD_4></E1VDEWIDE_2><E1VDEWUNT SEGMENT="1"><NUMSEG>24</NUMSEG><REFNUM>000405978648</REFNUM></E1VDEWUNT></IDOC></ISU_UTILMD>